Entity,Code,Year,Total,numeric
Afghanistan,AFG,2013,208656,004
Afghanistan,AFG,2014,227078,004
Afghanistan,AFG,2015,187643,004
Afghanistan,AFG,2016,177196,004
Afghanistan,AFG,2017,204241,004
Afghanistan,AFG,2018,236054,004
Afghanistan,AFG,2019,159873,004
Afghanistan,AFG,2020,79252,004
Afghanistan,AFG,2023,68394,004
Afghanistan,AFG,2024,146713,004
Algeria,DZA,2013,843895,012
Algeria,DZA,2014,918869,012
Algeria,DZA,2015,1025136,012
Algeria,DZA,2016,1136564,012
Algeria,DZA,2017,1215380,012
Algeria,DZA,2018,1125110,012
Algeria,DZA,2019,921682,012
Algeria,DZA,2020,192888,012
Algeria,DZA,2021,200896,012
Algeria,DZA,2022,603687,012
Algeria,DZA,2023,1002394,012
Algeria,DZA,2024,1103090,012
Angola,AGO,2013,605774,024
Angola,AGO,2014,662572,024
Angola,AGO,2015,654643,024
Angola,AGO,2016,634277,024
Angola,AGO,2017,609196,024
Angola,AGO,2018,599963,024
Angola,AGO,2019,614793,024
Angola,AGO,2020,191203,024
Angola,AGO,2021,156887,024
Angola,AGO,2022,342200,024
Angola,AGO,2023,406013,024
Angola,AGO,2024,417895,024
Antigua and Barbuda,ATG,2015,131896,028
Antigua and Barbuda,ATG,2016,141514,028
Argentina,ARG,2013,3959389,032
Argentina,ARG,2014,3974955,032
Argentina,ARG,2015,4061346,032
Argentina,ARG,2016,4255779,032
Argentina,ARG,2017,4574941,032
Argentina,ARG,2018,4942872,032
Argentina,ARG,2019,4384410,032
Argentina,ARG,2020,1263717,032
Argentina,ARG,2021,1487000,032
Argentina,ARG,2022,3212477,032
Argentina,ARG,2023,4090702,032
Argentina,ARG,2024,4095075,032
Armenia,ARM,2016,165984,051
Australia,AUS,2013,19103196,036
Australia,AUS,2014,19381840,036
Australia,AUS,2015,19541120,036
Australia,AUS,2016,20878712,036
Australia,AUS,2017,21766560,036
Australia,AUS,2018,22482604,036
Australia,AUS,2019,22084274,036
Australia,AUS,2020,9222940,036
Australia,AUS,2021,7903253,036
Australia,AUS,2022,13848760,036
Australia,AUS,2023,18388724,036
Australia,AUS,2024,20275648,036
Austria,AUT,2013,1942943,040
Austria,AUT,2014,2069205,040
Austria,AUT,2015,2156687,040
Austria,AUT,2016,2244702,040
Austria,AUT,2017,2274704,040
Austria,AUT,2018,2537188,040
Austria,AUT,2019,2955016,040
Austria,AUT,2020,1006390,040
Austria,AUT,2021,1214195,040
Austria,AUT,2022,2067432,040
Austria,AUT,2023,2449485,040
Austria,AUT,2024,2645748,040
Azerbaijan,AZE,2013,368848,031
Azerbaijan,AZE,2014,382622,031
Azerbaijan,AZE,2015,393101,031
Azerbaijan,AZE,2016,387659,031
Azerbaijan,AZE,2017,425823,031
Azerbaijan,AZE,2018,442269,031
Azerbaijan,AZE,2019,440162,031
Azerbaijan,AZE,2022,518882,031
Azerbaijan,AZE,2023,606380,031
Azerbaijan,AZE,2024,718680,031
Bahamas,BHS,2013,263411,044
Bahamas,BHS,2014,280803,044
Bahamas,BHS,2015,278047,044
Bahamas,BHS,2016,279598,044
Bahamas,BHS,2017,277447,044
Bahamas,BHS,2018,283140,044
Bahamas,BHS,2019,370400,044
Bahamas,BHS,2020,147822,044
Bahamas,BHS,2021,290349,044
Bahamas,BHS,2022,389897,044
Bahamas,BHS,2023,439491,044
Bahamas,BHS,2024,469626,044
Bangladesh,BGD,2013,917908,050
Bangladesh,BGD,2014,1051882,050
Bangladesh,BGD,2015,1240751,050
Bangladesh,BGD,2016,1298523,050
Bangladesh,BGD,2017,1460492,050
Bangladesh,BGD,2018,1537294,050
Bangladesh,BGD,2019,1317098,050
Bangladesh,BGD,2020,583153,050
Bangladesh,BGD,2021,997319,050
Bangladesh,BGD,2022,1537876,050
Bangladesh,BGD,2023,1643488,050
Bangladesh,BGD,2024,1606920,050
Belarus,BLR,2014,166600,112
Belarus,BLR,2015,189553,112
Belarus,BLR,2016,230666,112
Belarus,BLR,2017,243343,112
Belgium,BEL,2013,2445905,056
Belgium,BEL,2014,2666232,056
Belgium,BEL,2015,2784250,056
Belgium,BEL,2016,2667611,056
Belgium,BEL,2017,2783681,056
Belgium,BEL,2019,3189629,056
Belgium,BEL,2020,1427705,056
Belgium,BEL,2021,2172805,056
Belgium,BEL,2022,3086135,056
Belgium,BEL,2023,3135057,056
Belgium,BEL,2024,3281522,056
Belize,BLZ,2013,58772,084
Belize,BLZ,2014,71765,084
Belize,BLZ,2015,73748,084
Belize,BLZ,2016,79711,084
Belize,BLZ,2017,90132,084
Belize,BLZ,2018,90965,084
Benin,BEN,2018,87413,204
Bhutan,BTN,2013,9263,064
Bhutan,BTN,2014,18325,064
Bhutan,BTN,2016,13930,064
Bhutan,BTN,2017,16970,064
Bhutan,BTN,2018,21340,064
Bhutan,BTN,2022,8602,064
Bhutan,BTN,2024,22092,064
Bolivia,BOL,2013,405187,068
Bolivia,BOL,2014,452519,068
Bolivia,BOL,2015,514959,068
Bolivia,BOL,2016,584574,068
Bolivia,BOL,2017,579374,068
Bolivia,BOL,2018,590672,068
Bolivia,BOL,2019,331757,068
Bolivia,BOL,2020,158033,068
Bolivia,BOL,2021,244059,068
Bolivia,BOL,2022,335301,068
Bolivia,BOL,2023,401416,068
Bolivia,BOL,2024,411916,068
Bosnia and Herzegovina,BIH,2013,38580,070
Bosnia and Herzegovina,BIH,2014,45957,070
Bosnia and Herzegovina,BIH,2015,54888,070
Botswana,BWA,2013,41512,072
Botswana,BWA,2014,37119,072
Botswana,BWA,2015,38821,072
Botswana,BWA,2016,42973,072
Botswana,BWA,2017,39092,072
Botswana,BWA,2018,42105,072
Botswana,BWA,2019,35709,072
Botswana,BWA,2021,15694,072
Botswana,BWA,2022,26457,072
Botswana,BWA,2023,35258,072
Botswana,BWA,2024,45384,072
Brazil,BRA,2013,16627463,076
Brazil,BRA,2014,17108564,076
Brazil,BRA,2015,17199880,076
Brazil,BRA,2016,15607044,076
Brazil,BRA,2017,15438060,076
Brazil,BRA,2018,16517786,076
Brazil,BRA,2019,15051512,076
Brazil,BRA,2020,7269487,076
Brazil,BRA,2021,9276297,076
Brazil,BRA,2022,13164394,076
Brazil,BRA,2023,14626308,076
Brazil,BRA,2024,15667092,076
Bulgaria,BGR,2013,347417,100
Bulgaria,BGR,2014,377819,100
Bulgaria,BGR,2015,408916,100
Bulgaria,BGR,2016,499166,100
Bulgaria,BGR,2017,598334,100
Bulgaria,BGR,2018,687013,100
Bulgaria,BGR,2019,695736,100
Bulgaria,BGR,2020,361172,100
Bulgaria,BGR,2021,418876,100
Bulgaria,BGR,2022,572106,100
Bulgaria,BGR,2023,639495,100
Bulgaria,BGR,2024,672650,100
Burkina Faso,BFA,2013,94590,854
Burkina Faso,BFA,2014,79981,854
Burkina Faso,BFA,2015,74919,854
Burkina Faso,BFA,2016,78442,854
Burkina Faso,BFA,2017,92167,854
Burkina Faso,BFA,2018,84830,854
Cambodia,KHM,2013,341157,116
Cambodia,KHM,2014,417419,116
Cambodia,KHM,2015,421431,116
Cambodia,KHM,2016,457899,116
Cambodia,KHM,2017,577432,116
Cambodia,KHM,2018,697789,116
Cambodia,KHM,2019,769712,116
Cambodia,KHM,2020,205470,116
Cambodia,KHM,2021,87812,116
Cambodia,KHM,2022,169634,116
Cameroon,CMR,2013,242057,120
Cameroon,CMR,2014,258347,120
Cameroon,CMR,2015,274664,120
Cameroon,CMR,2016,294679,120
Cameroon,CMR,2017,259817,120
Cameroon,CMR,2018,275332,120
Cameroon,CMR,2019,205156,120
Cameroon,CMR,2020,110340,120
Cameroon,CMR,2021,173987,120
Cameroon,CMR,2022,213805,120
Cameroon,CMR,2023,209645,120
Cameroon,CMR,2024,200812,120
Canada,CAN,2013,14806782,124
Canada,CAN,2014,15572820,124
Canada,CAN,2015,16236122,124
Canada,CAN,2016,17242198,124
Canada,CAN,2017,18380190,124
Canada,CAN,2018,19210614,124
Canada,CAN,2019,20711204,124
Canada,CAN,2020,8820420,124
Canada,CAN,2021,8552252,124
Canada,CAN,2022,14941744,124
Canada,CAN,2023,17636666,124
Canada,CAN,2024,18846442,124
Cape Verde,CPV,2013,146303,132
Cape Verde,CPV,2014,146886,132
Cape Verde,CPV,2015,163185,132
Cape Verde,CPV,2016,201314,132
Cape Verde,CPV,2017,218714,132
Cape Verde,CPV,2018,258490,132
Cape Verde,CPV,2019,263442,132
Cape Verde,CPV,2020,103444,132
Cape Verde,CPV,2021,109212,132
Cape Verde,CPV,2022,288516,132
Cape Verde,CPV,2023,335418,132
Cape Verde,CPV,2024,326327,132
Chad,TCD,2018,53054,148
Chile,CHL,2013,2665815,152
Chile,CHL,2014,2665109,152
Chile,CHL,2015,2812148,152
Chile,CHL,2016,3016840,152
Chile,CHL,2017,3261715,152
Chile,CHL,2018,3530959,152
Chile,CHL,2019,3170215,152
Chile,CHL,2020,1546300,152
Chile,CHL,2021,1792093,152
Chile,CHL,2022,2548026,152
Chile,CHL,2023,2844873,152
Chile,CHL,2024,3309882,152
China,CHN,2013,58693020,156
China,CHN,2014,63766744,156
China,CHN,2015,70091736,156
China,CHN,2016,77936350,156
China,CHN,2017,86515080,156
China,CHN,2018,94305950,156
China,CHN,2019,109111680,156
China,CHN,2020,70591656,156
China,CHN,2021,72403850,156
China,CHN,2022,45249456,156
China,CHN,2023,91599816,156
China,CHN,2024,105847370,156
Colombia,COL,2013,2796759,170
Colombia,COL,2014,3005553,170
Colombia,COL,2015,3422921,170
Colombia,COL,2016,3576113,170
Colombia,COL,2017,3624551,170
Colombia,COL,2018,3805355,170
Colombia,COL,2019,3660272,170
Colombia,COL,2020,1489279,170
Colombia,COL,2021,2656724,170
Colombia,COL,2022,3960160,170
Colombia,COL,2023,4027091,170
Colombia,COL,2024,4446320,170
Comoros,COM,2015,19237,174
Comoros,COM,2016,16207,174
Comoros,COM,2017,24801,174
Comoros,COM,2018,25388,174
Congo,COG,2013,203507,178
Congo,COG,2014,241899,178
Congo,COG,2015,279083,178
Congo,COG,2016,236567,178
Congo,COG,2017,161494,178
Congo,COG,2018,144105,178
Congo,COG,2019,105237,178
Congo,COG,2020,59229,178
Congo,COG,2021,86007,178
Congo,COG,2022,78189,178
Congo,COG,2023,79072,178
Congo,COG,2024,86597,178
Cook Islands,COK,2013,48552,184
Cook Islands,COK,2014,48953,184
Cook Islands,COK,2015,48874,184
Cook Islands,COK,2016,55350,184
Cook Islands,COK,2017,55797,184
Cook Islands,COK,2018,60243,184
Cook Islands,COK,2021,11494,184
Cook Islands,COK,2022,29258,184
Cook Islands,COK,2023,41661,184
Cook Islands,COK,2024,54273,184
Costa Rica,CRI,2013,557978,188
Costa Rica,CRI,2014,571865,188
Costa Rica,CRI,2015,591708,188
Costa Rica,CRI,2016,699609,188
Costa Rica,CRI,2017,682917,188
Costa Rica,CRI,2018,732715,188
Costa Rica,CRI,2019,806127,188
Costa Rica,CRI,2020,337362,188
Costa Rica,CRI,2021,585786,188
Costa Rica,CRI,2022,752333,188
Costa Rica,CRI,2023,861820,188
Costa Rica,CRI,2024,941453,188
Cote d'Ivoire,CIV,2014,225748,384
Cote d'Ivoire,CIV,2015,238003,384
Cote d'Ivoire,CIV,2016,310134,384
Cote d'Ivoire,CIV,2017,347790,384
Cote d'Ivoire,CIV,2018,378570,384
Cote d'Ivoire,CIV,2019,171287,384
Cote d'Ivoire,CIV,2021,184251,384
Cote d'Ivoire,CIV,2022,282740,384
Cote d'Ivoire,CIV,2023,129471,384
Cote d'Ivoire,CIV,2024,72827,384
Croatia,HRV,2013,314343,191
Croatia,HRV,2014,329688,191
Croatia,HRV,2015,361921,191
Croatia,HRV,2016,414683,191
Croatia,HRV,2017,504167,191
Croatia,HRV,2018,587313,191
Croatia,HRV,2019,677026,191
Croatia,HRV,2020,203150,191
Croatia,HRV,2021,363367,191
Croatia,HRV,2022,589435,191
Croatia,HRV,2023,648811,191
Croatia,HRV,2024,741378,191
Cuba,CUB,2013,903947,192
Cuba,CUB,2014,942516,192
Cuba,CUB,2015,1098071,192
Cuba,CUB,2016,1354024,192
Cuba,CUB,2017,1584597,192
Cuba,CUB,2018,1394515,192
Cuba,CUB,2019,1158586,192
Cuba,CUB,2022,580705,192
Cuba,CUB,2023,762781,192
Cuba,CUB,2024,742467,192
Cyprus,CYP,2015,765053,196
Cyprus,CYP,2016,830385,196
Cyprus,CYP,2017,925327,196
Cyprus,CYP,2021,559477,196
Cyprus,CYP,2022,869801,196
Cyprus,CYP,2023,1034530,196
Cyprus,CYP,2024,1053414,196
Czechia,CZE,2013,792872,203
Czechia,CZE,2014,794021,203
Czechia,CZE,2015,816739,203
Czechia,CZE,2016,954996,203
Czechia,CZE,2017,1109824,203
Czechia,CZE,2018,1279052,203
Czechia,CZE,2019,1352800,203
Czechia,CZE,2020,377765,203
Czechia,CZE,2021,428965,203
Czechia,CZE,2022,755191,203
Czechia,CZE,2023,948576,203
Czechia,CZE,2024,1177576,203
Democratic Republic of Congo,COD,2013,180283,180
Democratic Republic of Congo,COD,2014,183447,180
Democratic Republic of Congo,COD,2015,209211,180
Democratic Republic of Congo,COD,2016,205506,180
Democratic Republic of Congo,COD,2017,207083,180
Democratic Republic of Congo,COD,2018,217819,180
Democratic Republic of Congo,COD,2019,166792,180
Democratic Republic of Congo,COD,2020,96677,180
Democratic Republic of Congo,COD,2021,157394,180
Denmark,DNK,2013,2227675,208
Denmark,DNK,2014,2303075,208
Denmark,DNK,2015,2433547,208
Denmark,DNK,2016,2737900,208
Denmark,DNK,2017,2782675,208
Denmark,DNK,2018,2965439,208
Denmark,DNK,2019,2971136,208
Denmark,DNK,2020,1025385,208
Denmark,DNK,2021,1241032,208
Denmark,DNK,2022,2118448,208
Denmark,DNK,2023,2422197,208
Denmark,DNK,2024,2659549,208
Dominican Republic,DOM,2013,1455698,214
Dominican Republic,DOM,2014,1572079,214
Dominican Republic,DOM,2015,1628339,214
Dominican Republic,DOM,2016,1679567,214
Dominican Republic,DOM,2017,1697134,214
Dominican Republic,DOM,2018,1797104,214
Dominican Republic,DOM,2019,1885431,214
Dominican Republic,DOM,2020,846102,214
Dominican Republic,DOM,2021,1469506,214
Dominican Republic,DOM,2022,1862126,214
Dominican Republic,DOM,2023,1891038,214
Dominican Republic,DOM,2024,2039553,214
East Timor,TLS,2019,15053,626
East Timor,TLS,2020,5993,626
East Timor,TLS,2022,9613,626
East Timor,TLS,2023,15829,626
East Timor,TLS,2024,17721,626
Ecuador,ECU,2013,903871,218
Ecuador,ECU,2014,941528,218
Ecuador,ECU,2015,888439,218
Ecuador,ECU,2016,911740,218
Ecuador,ECU,2017,873972,218
Ecuador,ECU,2018,868925,218
Ecuador,ECU,2019,891501,218
Ecuador,ECU,2020,436681,218
Ecuador,ECU,2021,622246,218
Ecuador,ECU,2022,798307,218
Ecuador,ECU,2023,906801,218
Ecuador,ECU,2024,959952,218
Egypt,EGY,2013,2792619,818
Egypt,EGY,2014,2782793,818
Egypt,EGY,2015,2968338,818
Egypt,EGY,2016,2614505,818
Egypt,EGY,2017,2753030,818
Egypt,EGY,2018,2993540,818
Egypt,EGY,2019,2890024,818
Egypt,EGY,2020,1143271,818
Egypt,EGY,2021,1881191,818
Egypt,EGY,2022,2900660,818
Egypt,EGY,2023,3659565,818
Egypt,EGY,2024,4267266,818
El Salvador,SLV,2019,533631,222
El Salvador,SLV,2021,384896,222
El Salvador,SLV,2022,404389,222
El Salvador,SLV,2023,541138,222
El Salvador,SLV,2024,596907,222
Equatorial Guinea,GNQ,2013,63449,226
Equatorial Guinea,GNQ,2014,58211,226
Equatorial Guinea,GNQ,2015,82489,226
Equatorial Guinea,GNQ,2016,76297,226
Equatorial Guinea,GNQ,2017,75718,226
Equatorial Guinea,GNQ,2018,66383,226
Eritrea,ERI,2013,36375,232
Eritrea,ERI,2014,27274,232
Eritrea,ERI,2017,29286,232
Eritrea,ERI,2018,50524,232
Estonia,EST,2013,102772,233
Estonia,EST,2014,111992,233
Estonia,EST,2015,127531,233
Estonia,EST,2016,135671,233
Estonia,EST,2017,156985,233
Estonia,EST,2018,168595,233
Estonia,EST,2022,181168,233
Ethiopia,ETH,2013,1125860,231
Ethiopia,ETH,2014,1233026,231
Ethiopia,ETH,2015,1463966,231
Ethiopia,ETH,2016,1671405,231
Ethiopia,ETH,2017,1810178,231
Ethiopia,ETH,2018,2089556,231
Ethiopia,ETH,2019,2265818,231
Ethiopia,ETH,2020,1183888,231
Ethiopia,ETH,2021,1544271,231
Ethiopia,ETH,2022,1795012,231
Ethiopia,ETH,2023,2283707,231
Ethiopia,ETH,2024,2427664,231
Fiji,FJI,2013,306759,242
Fiji,FJI,2014,311267,242
Fiji,FJI,2015,332432,242
Fiji,FJI,2016,368236,242
Fiji,FJI,2017,388743,242
Fiji,FJI,2018,420036,242
Fiji,FJI,2019,415137,242
Fiji,FJI,2020,117325,242
Fiji,FJI,2021,89007,242
Fiji,FJI,2022,259421,242
Fiji,FJI,2023,396902,242
Fiji,FJI,2024,430548,242
Finland,FIN,2013,1785723,246
Finland,FIN,2014,1817865,246
Finland,FIN,2015,1934753,246
Finland,FIN,2016,1977578,246
Finland,FIN,2017,2075603,246
Finland,FIN,2018,2352637,246
Finland,FIN,2019,2434024,246
Finland,FIN,2020,864717,246
Finland,FIN,2021,837423,246
Finland,FIN,2022,1559566,246
Finland,FIN,2023,1816350,246
Finland,FIN,2024,1931600,246
France,FRA,2013,19392612,250
France,FRA,2014,19952844,250
France,FRA,2015,20173416,250
France,FRA,2016,20270432,250
France,FRA,2017,20773766,250
France,FRA,2018,21779800,250
France,FRA,2019,22477580,250
France,FRA,2020,10026056,250
France,FRA,2021,11430324,250
France,FRA,2022,17481900,250
France,FRA,2023,19703268,250
France,FRA,2024,20484012,250
Gabon,GAB,2013,149614,266
Gabon,GAB,2014,138821,266
Gabon,GAB,2015,158186,266
Gabon,GAB,2016,163291,266
Gabon,GAB,2017,145858,266
Gabon,GAB,2018,117563,266
Gabon,GAB,2021,58822,266
Gabon,GAB,2022,97540,266
Gabon,GAB,2023,100428,266
Gabon,GAB,2024,102353,266
Georgia,GEO,2013,169673,268
Georgia,GEO,2014,185351,268
Georgia,GEO,2015,197507,268
Georgia,GEO,2016,222363,268
Georgia,GEO,2017,306582,268
Georgia,GEO,2018,403434,268
Georgia,GEO,2019,365665,268
Georgia,GEO,2020,93669,268
Georgia,GEO,2024,546810,268
Germany,DEU,2013,22457504,276
Germany,DEU,2014,23227958,276
Germany,DEU,2015,24086176,276
Germany,DEU,2016,24827734,276
Germany,DEU,2017,25240464,276
Germany,DEU,2018,25708864,276
Germany,DEU,2019,26098392,276
Germany,DEU,2020,9669638,276
Germany,DEU,2021,11098691,276
Germany,DEU,2022,17866070,276
Germany,DEU,2023,20385050,276
Germany,DEU,2024,21716548,276
Ghana,GHA,2013,518065,288
Ghana,GHA,2014,568566,288
Ghana,GHA,2015,539205,288
Ghana,GHA,2016,587389,288
Ghana,GHA,2017,593976,288
Ghana,GHA,2018,588391,288
Ghana,GHA,2021,442901,288
Ghana,GHA,2022,550351,288
Ghana,GHA,2023,532820,288
Ghana,GHA,2024,552542,288
Greece,GRC,2013,1956751,300
Greece,GRC,2014,2305530,300
Greece,GRC,2015,2676014,300
Greece,GRC,2016,2937505,300
Greece,GRC,2017,3161481,300
Greece,GRC,2018,3662890,300
Greece,GRC,2019,3897873,300
Greece,GRC,2020,1481998,300
Greece,GRC,2021,2757270,300
Greece,GRC,2022,4132473,300
Greece,GRC,2023,4460586,300
Greece,GRC,2024,4895544,300
Guatemala,GTM,2013,183820,320
Guatemala,GTM,2014,201151,320
Guatemala,GTM,2015,198658,320
Guatemala,GTM,2016,209059,320
Guatemala,GTM,2017,217887,320
Guatemala,GTM,2018,240569,320
Guatemala,GTM,2019,281211,320
Guatemala,GTM,2020,114245,320
Guatemala,GTM,2021,229501,320
Guatemala,GTM,2022,283277,320
Guatemala,GTM,2023,335864,320
Guatemala,GTM,2024,374859,320
Haiti,HTI,2013,101847,332
Haiti,HTI,2014,118013,332
Haiti,HTI,2015,110197,332
Haiti,HTI,2016,115818,332
Haiti,HTI,2017,124230,332
Haiti,HTI,2018,151508,332
Haiti,HTI,2021,79253,332
Haiti,HTI,2022,55283,332
Haiti,HTI,2023,52900,332
Honduras,HND,2013,128222,340
Honduras,HND,2014,126417,340
Honduras,HND,2015,122458,340
Honduras,HND,2016,123900,340
Honduras,HND,2017,135072,340
Honduras,HND,2018,138282,340
Honduras,HND,2019,162252,340
Honduras,HND,2020,67881,340
Honduras,HND,2021,145402,340
Honduras,HND,2022,132026,340
Honduras,HND,2023,170468,340
Honduras,HND,2024,216007,340
Hong Kong,HKG,2024,9730094,344
Hungary,HUN,2018,945409,348
Hungary,HUN,2021,391615,348
Hungary,HUN,2022,783789,348
Hungary,HUN,2023,960276,348
Hungary,HUN,2024,1170881,348
Iceland,ISL,2013,452657,352
Iceland,ISL,2014,536320,352
Iceland,ISL,2015,645138,352
Iceland,ISL,2016,901016,352
Iceland,ISL,2017,1154099,352
Iceland,ISL,2018,1309312,352
Iceland,ISL,2019,1205580,352
Iceland,ISL,2020,298407,352
Iceland,ISL,2021,426780,352
Iceland,ISL,2022,875032,352
Iceland,ISL,2023,988061,352
Iceland,ISL,2024,1014980,352
India,IND,2013,14596976,356
India,IND,2014,15258393,356
India,IND,2015,16293406,356
India,IND,2016,18413726,356
India,IND,2017,20646592,356
India,IND,2018,23073864,356
India,IND,2019,22514864,356
India,IND,2020,10591444,356
India,IND,2021,13125992,356
India,IND,2022,18926570,356
India,IND,2023,22478954,356
India,IND,2024,24780036,356
Indonesia,IDN,2013,10187038,360
Indonesia,IDN,2014,11131188,360
Indonesia,IDN,2015,12085634,360
Indonesia,IDN,2016,13177270,360
Indonesia,IDN,2017,14813238,360
Indonesia,IDN,2018,15544740,360
Indonesia,IDN,2019,12067947,360
Indonesia,IDN,2020,5736663,360
Indonesia,IDN,2021,4674658,360
Indonesia,IDN,2022,7305883,360
Indonesia,IDN,2023,9914948,360
Indonesia,IDN,2024,10574371,360
Iran,IRN,2013,1806669,364
Iran,IRN,2014,2025430,364
Iran,IRN,2015,1928284,364
Iran,IRN,2016,2440323,364
Iran,IRN,2017,3119318,364
Iran,IRN,2018,3216021,364
Iran,IRN,2019,1164183,364
Iran,IRN,2020,494769,364
Iran,IRN,2021,600934,364
Iran,IRN,2022,620986,364
Iran,IRN,2023,694274,364
Iran,IRN,2024,686462,364
Iraq,IRQ,2013,307938,368
Iraq,IRQ,2014,554708,368
Iraq,IRQ,2015,644520,368
Iraq,IRQ,2016,814362,368
Iraq,IRQ,2017,678376,368
Iraq,IRQ,2018,709587,368
Iraq,IRQ,2019,510951,368
Iraq,IRQ,2021,262469,368
Iraq,IRQ,2022,343585,368
Iraq,IRQ,2023,394137,368
Iraq,IRQ,2024,413346,368
Ireland,IRL,2013,1791548,372
Ireland,IRL,2014,1976338,372
Ireland,IRL,2015,2247280,372
Ireland,IRL,2016,2483977,372
Ireland,IRL,2017,2773710,372
Ireland,IRL,2018,3054874,372
Ireland,IRL,2019,3202413,372
Ireland,IRL,2020,1176798,372
Ireland,IRL,2021,1138714,372
Ireland,IRL,2022,2762353,372
Ireland,IRL,2023,3100927,372
Ireland,IRL,2024,3125244,372
Israel,ISR,2013,2120523,376
Israel,ISR,2014,2231792,376
Israel,ISR,2015,2317130,376
Israel,ISR,2016,2452948,376
Israel,ISR,2017,2768329,376
Israel,ISR,2018,3094810,376
Israel,ISR,2019,3290682,376
Israel,ISR,2020,1086390,376
Israel,ISR,2021,1350727,376
Israel,ISR,2022,2432198,376
Israel,ISR,2023,2662489,376
Israel,ISR,2024,1618956,376
Italy,ITA,2013,10086854,380
Italy,ITA,2014,10458492,380
Italy,ITA,2015,10936170,380
Italy,ITA,2016,11624050,380
Italy,ITA,2017,12060305,380
Italy,ITA,2018,13014944,380
Italy,ITA,2019,13797322,380
Italy,ITA,2020,4511687,380
Italy,ITA,2021,5811581,380
Italy,ITA,2022,10595290,380
Italy,ITA,2023,12430346,380
Italy,ITA,2024,14278832,380
Jamaica,JAM,2013,532224,388
Jamaica,JAM,2014,597485,388
Jamaica,JAM,2015,607875,388
Jamaica,JAM,2016,620830,388
Jamaica,JAM,2017,649538,388
Jamaica,JAM,2018,686277,388
Jamaica,JAM,2019,697792,388
Jamaica,JAM,2021,400722,388
Jamaica,JAM,2022,612927,388
Jamaica,JAM,2023,666945,388
Jamaica,JAM,2024,658997,388
Japan,JPN,2013,26101030,392
Japan,JPN,2014,26833504,392
Japan,JPN,2015,27395602,392
Japan,JPN,2016,27935552,392
Japan,JPN,2017,28344838,392
Japan,JPN,2018,29116276,392
Japan,JPN,2019,30037716,392
Japan,JPN,2020,14625888,392
Japan,JPN,2021,13447762,392
Japan,JPN,2022,17771756,392
Japan,JPN,2023,23961202,392
Japan,JPN,2024,27390932,392
Jordan,JOR,2013,852175,400
Jordan,JOR,2014,867919,400
Jordan,JOR,2015,818740,400
Jordan,JOR,2016,850269,400
Jordan,JOR,2017,846495,400
Jordan,JOR,2018,891550,400
Jordan,JOR,2019,908920,400
Jordan,JOR,2021,513007,400
Jordan,JOR,2022,808422,400
Jordan,JOR,2023,903682,400
Jordan,JOR,2024,845146,400
Kazakhstan,KAZ,2013,1067843,398
Kazakhstan,KAZ,2014,1164056,398
Kazakhstan,KAZ,2015,1194498,398
Kazakhstan,KAZ,2016,1223729,398
Kazakhstan,KAZ,2017,1397944,398
Kazakhstan,KAZ,2018,1405344,398
Kazakhstan,KAZ,2019,1284658,398
Kazakhstan,KAZ,2020,740977,398
Kazakhstan,KAZ,2021,1105013,398
Kazakhstan,KAZ,2022,1423415,398
Kazakhstan,KAZ,2023,1794829,398
Kazakhstan,KAZ,2024,2008884,398
Kenya,KEN,2013,1329225,404
Kenya,KEN,2014,1326595,404
Kenya,KEN,2015,1224975,404
Kenya,KEN,2016,1250924,404
Kenya,KEN,2017,1357785,404
Kenya,KEN,2018,1454068,404
Kenya,KEN,2019,1133808,404
Kenya,KEN,2020,568722,404
Kenya,KEN,2021,770654,404
Kenya,KEN,2022,983657,404
Kenya,KEN,2023,1255000,404
Kenya,KEN,2024,1451385,404
Kiribati,KIR,2016,7498,296
Kiribati,KIR,2017,10220,296
Kiribati,KIR,2018,10110,296
Kiribati,KIR,2024,10274,296
Kyrgyzstan,KGZ,2013,275308,417
Kyrgyzstan,KGZ,2014,330647,417
Kyrgyzstan,KGZ,2015,298246,417
Kyrgyzstan,KGZ,2016,305176,417
Kyrgyzstan,KGZ,2017,308901,417
Kyrgyzstan,KGZ,2018,267071,417
Kyrgyzstan,KGZ,2019,246558,417
Kyrgyzstan,KGZ,2020,154629,417
Kyrgyzstan,KGZ,2021,279759,417
Kyrgyzstan,KGZ,2022,422811,417
Kyrgyzstan,KGZ,2023,418702,417
Kyrgyzstan,KGZ,2024,420542,417
Laos,LAO,2013,109615,418
Laos,LAO,2014,104364,418
Laos,LAO,2015,110233,418
Laos,LAO,2016,136464,418
Laos,LAO,2017,170822,418
Laos,LAO,2018,206001,418
Laos,LAO,2019,174053,418
Laos,LAO,2021,13726,418
Laos,LAO,2022,39250,418
Laos,LAO,2023,100218,418
Laos,LAO,2024,171640,418
Latvia,LVA,2017,306909,428
Latvia,LVA,2018,329699,428
Latvia,LVA,2019,429454,428
Libya,LBY,2013,400692,434
Libya,LBY,2014,389126,434
Libya,LBY,2015,129588,434
Libya,LBY,2016,140734,434
Libya,LBY,2017,129855,434
Libya,LBY,2018,103913,434
Libya,LBY,2019,78794,434
Libya,LBY,2021,87234,434
Libya,LBY,2022,105577,434
Libya,LBY,2023,179641,434
Libya,LBY,2024,208052,434
Lithuania,LTU,2019,341614,440
Lithuania,LTU,2020,140523,440
Lithuania,LTU,2021,193181,440
Lithuania,LTU,2022,318307,440
Lithuania,LTU,2023,340870,440
Lithuania,LTU,2024,369209,440
Madagascar,MDG,2013,203054,450
Madagascar,MDG,2014,193360,450
Madagascar,MDG,2015,199099,450
Madagascar,MDG,2016,187665,450
Madagascar,MDG,2017,193069,450
Madagascar,MDG,2018,210207,450
Madagascar,MDG,2019,175828,450
Madagascar,MDG,2021,53694,450
Madagascar,MDG,2022,121589,450
Madagascar,MDG,2023,166831,450
Madagascar,MDG,2024,156903,450
Malawi,MWI,2013,35073,454
Malawi,MWI,2014,61578,454
Malawi,MWI,2015,56981,454
Malawi,MWI,2016,46415,454
Malawi,MWI,2017,50557,454
Malawi,MWI,2018,62059,454
Malawi,MWI,2024,45380,454
Malaysia,MYS,2013,7313033,458
Malaysia,MYS,2014,8042852,458
Malaysia,MYS,2015,7966164,458
Malaysia,MYS,2016,7675840,458
Malaysia,MYS,2017,8209377,458
Malaysia,MYS,2018,8284597,458
Malaysia,MYS,2019,8395227,458
Malaysia,MYS,2020,2716705,458
Malaysia,MYS,2021,1806614,458
Malaysia,MYS,2022,4143219,458
Malaysia,MYS,2023,6278371,458
Malaysia,MYS,2024,7226083,458
Maldives,MDV,2013,574174,462
Maldives,MDV,2014,637920,462
Maldives,MDV,2015,628213,462
Maldives,MDV,2016,660424,462
Maldives,MDV,2017,662803,462
Maldives,MDV,2018,686658,462
Maldives,MDV,2019,728987,462
Maldives,MDV,2021,724277,462
Maldives,MDV,2022,799893,462
Maldives,MDV,2023,818260,462
Maldives,MDV,2024,914955,462
Marshall Islands,MHL,2013,10801,584
Marshall Islands,MHL,2014,12072,584
Marshall Islands,MHL,2015,11865,584
Marshall Islands,MHL,2016,13013,584
Marshall Islands,MHL,2017,15544,584
Marshall Islands,MHL,2018,18032,584
Marshall Islands,MHL,2019,37375,584
Marshall Islands,MHL,2020,17157,584
Marshall Islands,MHL,2021,19988,584
Marshall Islands,MHL,2022,20414,584
Marshall Islands,MHL,2023,24644,584
Marshall Islands,MHL,2024,30508,584
Mauritania,MRT,2013,59189,478
Mauritania,MRT,2014,62827,478
Mauritania,MRT,2015,62175,478
Mauritania,MRT,2016,62264,478
Mauritania,MRT,2017,67610,478
Mauritania,MRT,2018,72867,478
Mauritania,MRT,2021,49715,478
Mauritania,MRT,2022,66055,478
Mauritius,MUS,2013,720057,480
Mauritius,MUS,2014,757359,480
Mauritius,MUS,2015,821610,480
Mauritius,MUS,2016,909932,480
Mauritius,MUS,2017,974949,480
Mauritius,MUS,2018,984081,480
Mexico,MEX,2013,7891406,484
Mexico,MEX,2014,8530064,484
Mexico,MEX,2015,9291230,484
Mexico,MEX,2016,10116155,484
Mexico,MEX,2017,10985653,484
Mexico,MEX,2018,11804818,484
Mexico,MEX,2019,12384220,484
Mexico,MEX,2020,7055921,484
Mexico,MEX,2021,10113878,484
Mexico,MEX,2022,12448054,484
Mexico,MEX,2023,13332190,484
Mexico,MEX,2024,13493034,484
Micronesia (country),FSM,2013,13282,583
Micronesia (country),FSM,2014,13287,583
Micronesia (country),FSM,2015,14131,583
Micronesia (country),FSM,2016,16237,583
Micronesia (country),FSM,2017,17038,583
Micronesia (country),FSM,2018,19302,583
Micronesia (country),FSM,2019,24701,583
Micronesia (country),FSM,2020,9642,583
Micronesia (country),FSM,2021,8729,583
Micronesia (country),FSM,2022,13191,583
Micronesia (country),FSM,2023,18467,583
Micronesia (country),FSM,2024,23206,583
Mongolia,MNG,2013,171646,496
Mongolia,MNG,2014,140009,496
Mongolia,MNG,2015,104428,496
Mongolia,MNG,2016,103328,496
Mongolia,MNG,2017,115424,496
Mongolia,MNG,2018,121093,496
Montenegro,MNE,2013,79829,499
Morocco,MAR,2013,1651575,504
Morocco,MAR,2014,1774791,504
Morocco,MAR,2015,1834990,504
Morocco,MAR,2016,1883373,504
Morocco,MAR,2017,2085550,504
Morocco,MAR,2018,2277299,504
Morocco,MAR,2019,2385453,504
Morocco,MAR,2021,943317,504
Morocco,MAR,2022,1813409,504
Morocco,MAR,2023,2254484,504
Morocco,MAR,2024,2623191,504
Mozambique,MOZ,2013,199505,508
Mozambique,MOZ,2014,203919,508
Mozambique,MOZ,2015,215472,508
Mozambique,MOZ,2016,202566,508
Mozambique,MOZ,2017,201244,508
Mozambique,MOZ,2018,219921,508
Mozambique,MOZ,2019,113852,508
Mozambique,MOZ,2020,64094,508
Mozambique,MOZ,2021,102610,508
Mozambique,MOZ,2022,150062,508
Mozambique,MOZ,2023,160869,508
Mozambique,MOZ,2024,178466,508
Myanmar,MMR,2013,346128,104
Myanmar,MMR,2014,363834,104
Myanmar,MMR,2015,481441,104
Myanmar,MMR,2016,592371,104
Myanmar,MMR,2017,680871,104
Myanmar,MMR,2018,629235,104
Myanmar,MMR,2019,570156,104
Myanmar,MMR,2021,91915,104
Myanmar,MMR,2022,147457,104
Myanmar,MMR,2023,208118,104
Myanmar,MMR,2024,181383,104
Namibia,NAM,2013,146504,516
Namibia,NAM,2014,141736,516
Namibia,NAM,2015,167085,516
Namibia,NAM,2016,174579,516
Namibia,NAM,2017,240756,516
Namibia,NAM,2018,254290,516
Namibia,NAM,2019,183268,516
Namibia,NAM,2022,123602,516
Namibia,NAM,2023,159031,516
Namibia,NAM,2024,164638,516
Nepal,NPL,2013,410486,524
Nepal,NPL,2014,475494,524
Nepal,NPL,2015,448821,524
Nepal,NPL,2016,449037,524
Nepal,NPL,2017,557236,524
Nepal,NPL,2018,617436,524
Nepal,NPL,2022,594166,524
Nepal,NPL,2023,603216,524
Nepal,NPL,2024,552969,524
Netherlands,NLD,2013,7859429,528
Netherlands,NLD,2014,8017811,528
Netherlands,NLD,2015,8407953,528
Netherlands,NLD,2016,8969127,528
Netherlands,NLD,2017,9475232,528
Netherlands,NLD,2018,9958722,528
Netherlands,NLD,2019,10217228,528
Netherlands,NLD,2020,5310350,528
Netherlands,NLD,2021,5962391,528
Netherlands,NLD,2022,7853536,528
Netherlands,NLD,2023,8561452,528
Netherlands,NLD,2024,9138794,528
New Zealand,NZL,2013,3072976,554
New Zealand,NZL,2014,3151132,554
New Zealand,NZL,2015,3314795,554
New Zealand,NZL,2016,3867994,554
New Zealand,NZL,2017,4382265,554
New Zealand,NZL,2018,4571307,554
New Zealand,NZL,2019,4530526,554
New Zealand,NZL,2020,2197627,554
New Zealand,NZL,2021,1622874,554
New Zealand,NZL,2022,2266529,554
New Zealand,NZL,2023,3645798,554
New Zealand,NZL,2024,4031797,554
Nicaragua,NIC,2016,105156,558
Nicaragua,NIC,2017,109429,558
Nicaragua,NIC,2018,82073,558
Nicaragua,NIC,2024,88753,558
Niger,NER,2013,57469,562
Niger,NER,2014,61687,562
Niger,NER,2015,69424,562
Niger,NER,2016,71897,562
Niger,NER,2017,74275,562
Niger,NER,2018,81169,562
Nigeria,NGA,2013,1652222,566
Nigeria,NGA,2014,1757835,566
Nigeria,NGA,2015,1690664,566
Nigeria,NGA,2016,1462609,566
Nigeria,NGA,2017,1314797,566
Nigeria,NGA,2018,1482698,566
Nigeria,NGA,2019,1167244,566
Nigeria,NGA,2020,551366,566
Nigeria,NGA,2021,811423,566
Nigeria,NGA,2022,1055994,566
Nigeria,NGA,2023,1054152,566
Nigeria,NGA,2024,1075988,566
North Macedonia,MKD,2013,55679,807
North Macedonia,MKD,2014,68924,807
North Macedonia,MKD,2015,83880,807
Norway,NOR,2013,2752398,578
Norway,NOR,2014,2824811,578
Norway,NOR,2015,2830800,578
Norway,NOR,2016,2842861,578
Norway,NOR,2017,2858055,578
Norway,NOR,2018,2973744,578
Norway,NOR,2019,2860174,578
Norway,NOR,2020,1373608,578
Norway,NOR,2021,1460526,578
Norway,NOR,2022,2524234,578
Norway,NOR,2023,2621709,578
Norway,NOR,2024,2713950,578
Oman,OMN,2013,961515,512
Oman,OMN,2014,991854,512
Oman,OMN,2015,1246875,512
Oman,OMN,2016,1430721,512
Oman,OMN,2017,1705862,512
Oman,OMN,2018,1818742,512
Oman,OMN,2019,1804981,512
Oman,OMN,2020,489220,512
Oman,OMN,2021,482911,512
Oman,OMN,2022,961317,512
Oman,OMN,2023,1372616,512
Oman,OMN,2024,1278087,512
Pakistan,PAK,2013,1921942,586
Pakistan,PAK,2014,1832830,586
Pakistan,PAK,2015,2043152,586
Pakistan,PAK,2016,2228623,586
Pakistan,PAK,2017,2333013,586
Pakistan,PAK,2018,2342935,586
Pakistan,PAK,2019,2170632,586
Pakistan,PAK,2020,1147595,586
Pakistan,PAK,2021,1341200,586
Pakistan,PAK,2022,1931748,586
Pakistan,PAK,2023,1977267,586
Pakistan,PAK,2024,2079156,586
Panama,PAN,2013,1409114,591
Panama,PAN,2014,1612577,591
Panama,PAN,2015,1745233,591
Panama,PAN,2016,1841384,591
Panama,PAN,2017,1930883,591
Panama,PAN,2018,2008984,591
Panama,PAN,2019,2044128,591
Panama,PAN,2020,670328,591
Panama,PAN,2021,1097669,591
Panama,PAN,2022,1742579,591
Panama,PAN,2023,1995279,591
Panama,PAN,2024,2038615,591
Papua New Guinea,PNG,2013,236050,598
Papua New Guinea,PNG,2014,270469,598
Papua New Guinea,PNG,2015,276326,598
Papua New Guinea,PNG,2016,270911,598
Papua New Guinea,PNG,2017,293246,598
Papua New Guinea,PNG,2018,271871,598
Papua New Guinea,PNG,2021,49166,598
Papua New Guinea,PNG,2022,63970,598
Paraguay,PRY,2013,98412,600
Paraguay,PRY,2014,111384,600
Paraguay,PRY,2015,96854,600
Paraguay,PRY,2016,123388,600
Paraguay,PRY,2017,149266,600
Paraguay,PRY,2018,170988,600
Paraguay,PRY,2019,142134,600
Paraguay,PRY,2020,45663,600
Paraguay,PRY,2021,84746,600
Paraguay,PRY,2022,134869,600
Paraguay,PRY,2023,154211,600
Paraguay,PRY,2024,165970,600
Peru,PER,2013,2395964,604
Peru,PER,2014,2448630,604
Peru,PER,2015,2584904,604
Peru,PER,2016,2839795,604
Peru,PER,2017,2980733,604
Peru,PER,2018,3167237,604
Peru,PER,2019,2812680,604
Peru,PER,2020,953293,604
Peru,PER,2021,1400354,604
Peru,PER,2022,2043562,604
Peru,PER,2023,2397506,604
Peru,PER,2024,2646719,604
Philippines,PHL,2013,4766493,608
Philippines,PHL,2014,4954307,608
Philippines,PHL,2015,5157559,608
Philippines,PHL,2016,5653291,608
Philippines,PHL,2017,6164551,608
Philippines,PHL,2018,6499221,608
Philippines,PHL,2019,6809604,608
Philippines,PHL,2020,2462166,608
Philippines,PHL,2021,2153158,608
Philippines,PHL,2022,4255401,608
Philippines,PHL,2023,5558570,608
Philippines,PHL,2024,6100960,608
Poland,POL,2013,1393347,616
Poland,POL,2014,1446165,616
Poland,POL,2015,1581522,616
Poland,POL,2016,1855306,616
Poland,POL,2017,2217579,616
Poland,POL,2018,2614434,616
Poland,POL,2019,3012348,616
Poland,POL,2020,1242959,616
Poland,POL,2021,1617566,616
Poland,POL,2022,2678791,616
Poland,POL,2023,3162980,616
Poland,POL,2024,3557346,616
Portugal,PRT,2013,3065104,620
Portugal,PRT,2014,3260431,620
Portugal,PRT,2015,3457172,620
Portugal,PRT,2016,3809849,620
Portugal,PRT,2017,4301553,620
Portugal,PRT,2018,4710623,620
Portugal,PRT,2019,5087823,620
Portugal,PRT,2020,2008937,620
Portugal,PRT,2021,2601854,620
Portugal,PRT,2022,4782635,620
Portugal,PRT,2023,5432129,620
Portugal,PRT,2024,5718987,620
Qatar,QAT,2021,7062560,634
Qatar,QAT,2022,8876331,634
Qatar,QAT,2023,10265832,634
Qatar,QAT,2024,11488013,634
Romania,ROU,2013,723209,642
Romania,ROU,2014,790919,642
Romania,ROU,2015,882744,642
Romania,ROU,2016,1057416,642
Romania,ROU,2017,1238983,642
Romania,ROU,2018,1311375,642
Romania,ROU,2019,1333930,642
Romania,ROU,2020,601037,642
Romania,ROU,2021,857598,642
Romania,ROU,2022,1313936,642
Romania,ROU,2023,1364177,642
Romania,ROU,2024,1473407,642
Russia,RUS,2013,14261498,643
Russia,RUS,2014,15018814,643
Russia,RUS,2015,14656826,643
Russia,RUS,2016,13929430,643
Russia,RUS,2017,15720598,643
Russia,RUS,2018,17822850,643
Russia,RUS,2019,19156546,643
Russia,RUS,2020,11669832,643
Russia,RUS,2021,16174772,643
Russia,RUS,2022,14452173,643
Russia,RUS,2023,14738956,643
Russia,RUS,2024,14723488,643
Rwanda,RWA,2013,84773,646
Rwanda,RWA,2014,88630,646
Rwanda,RWA,2015,106930,646
Rwanda,RWA,2016,127153,646
Rwanda,RWA,2017,181956,646
Rwanda,RWA,2018,171819,646
Rwanda,RWA,2021,82845,646
Rwanda,RWA,2023,147955,646
Saint Kitts and Nevis,KNA,2013,21990,659
Saint Kitts and Nevis,KNA,2014,23085,659
Saint Kitts and Nevis,KNA,2015,23601,659
Saint Kitts and Nevis,KNA,2016,24350,659
Saint Kitts and Nevis,KNA,2017,23726,659
Saint Kitts and Nevis,KNA,2018,24991,659
Saint Kitts and Nevis,KNA,2019,30086,659
Saint Kitts and Nevis,KNA,2020,12979,659
Saint Kitts and Nevis,KNA,2021,9938,659
Saint Kitts and Nevis,KNA,2023,23440,659
Saint Kitts and Nevis,KNA,2024,29863,659
Saint Vincent and the Grenadines,VCT,2019,19686,670
Saint Vincent and the Grenadines,VCT,2020,14659,670
Saint Vincent and the Grenadines,VCT,2021,18572,670
Saint Vincent and the Grenadines,VCT,2022,27854,670
Saint Vincent and the Grenadines,VCT,2023,28856,670
Samoa,WSM,2015,38529,882
Sao Tome and Principe,STP,2015,15078,678
Sao Tome and Principe,STP,2016,13287,678
Sao Tome and Principe,STP,2017,11658,678
Sao Tome and Principe,STP,2018,9119,678
Sao Tome and Principe,STP,2024,16311,678
Saudi Arabia,SAU,2013,6393123,682
Saudi Arabia,SAU,2014,7399463,682
Saudi Arabia,SAU,2015,7983059,682
Saudi Arabia,SAU,2016,8875366,682
Saudi Arabia,SAU,2017,9428761,682
Saudi Arabia,SAU,2018,9462851,682
Saudi Arabia,SAU,2019,9278226,682
Saudi Arabia,SAU,2020,3429559,682
Saudi Arabia,SAU,2021,4186322,682
Saudi Arabia,SAU,2022,7555056,682
Saudi Arabia,SAU,2023,9308296,682
Saudi Arabia,SAU,2024,10371516,682
Senegal,SEN,2013,460889,686
Senegal,SEN,2014,461815,686
Senegal,SEN,2015,398506,686
Senegal,SEN,2016,388669,686
Senegal,SEN,2017,415175,686
Senegal,SEN,2018,422940,686
Senegal,SEN,2019,450479,686
Senegal,SEN,2020,292764,686
Senegal,SEN,2021,385178,686
Senegal,SEN,2022,439831,686
Senegal,SEN,2023,430043,686
Senegal,SEN,2024,402620,686
Serbia,SRB,2021,294201,688
Serbia,SRB,2022,414782,688
Serbia,SRB,2023,559018,688
Serbia,SRB,2024,558043,688
Seychelles,SYC,2013,153848,690
Seychelles,SYC,2014,148209,690
Seychelles,SYC,2015,172960,690
Seychelles,SYC,2016,210220,690
Seychelles,SYC,2017,254439,690
Seychelles,SYC,2018,263079,690
Seychelles,SYC,2021,199175,690
Seychelles,SYC,2022,300168,690
Seychelles,SYC,2023,237568,690
Seychelles,SYC,2024,191405,690
Singapore,SGP,2019,12750403,702
Singapore,SGP,2020,4147134,702
Singapore,SGP,2022,7020380,702
Singapore,SGP,2023,10273008,702
Singapore,SGP,2024,11837335,702
Slovakia,SVK,2013,73503,703
Slovakia,SVK,2014,92238,703
Slovakia,SVK,2015,116742,703
Slovakia,SVK,2016,120000,703
Slovakia,SVK,2017,120780,703
Slovakia,SVK,2018,150010,703
Slovakia,SVK,2019,153830,703
Slovakia,SVK,2020,43955,703
Slovakia,SVK,2021,57165,703
Slovakia,SVK,2022,126740,703
Slovakia,SVK,2023,141759,703
Slovakia,SVK,2024,166690,703
Slovenia,SVN,2022,73429,705
Solomon Islands,SLB,2013,23689,090
Solomon Islands,SLB,2014,22506,090
Solomon Islands,SLB,2015,29092,090
Solomon Islands,SLB,2016,31869,090
Solomon Islands,SLB,2017,31298,090
Solomon Islands,SLB,2018,32180,090
Somalia,SOM,2013,48180,706
Somalia,SOM,2014,37496,706
Somalia,SOM,2015,37167,706
Somalia,SOM,2016,32786,706
Somalia,SOM,2017,57100,706
Somalia,SOM,2018,56159,706
Somalia,SOM,2022,50522,706
Somalia,SOM,2023,70049,706
Somalia,SOM,2024,65536,706
South Africa,ZAF,2013,5606512,710
South Africa,ZAF,2014,5716896,710
South Africa,ZAF,2015,5889400,710
South Africa,ZAF,2016,6043766,710
South Africa,ZAF,2017,6200164,710
South Africa,ZAF,2018,6177148,710
South Africa,ZAF,2019,6112908,710
South Africa,ZAF,2020,2283570,710
South Africa,ZAF,2021,2185698,710
South Africa,ZAF,2022,3619989,710
South Africa,ZAF,2023,4562291,710
South Korea,KOR,2013,10697174,410
South Korea,KOR,2014,11525846,410
South Korea,KOR,2015,12314326,410
South Korea,KOR,2016,13159827,410
South Korea,KOR,2017,13906513,410
South Korea,KOR,2018,14663417,410
South Korea,KOR,2019,15904747,410
South Korea,KOR,2020,7109257,410
South Korea,KOR,2021,7026594,410
South Korea,KOR,2022,8529169,410
South Korea,KOR,2023,12610549,410
South Korea,KOR,2024,14757938,410
South Sudan,SSD,2016,35342,728
South Sudan,SSD,2017,30339,728
South Sudan,SSD,2018,31524,728
Spain,ESP,2013,14507872,724
Spain,ESP,2014,14939130,724
Spain,ESP,2015,15871504,724
Spain,ESP,2016,17596844,724
Spain,ESP,2017,18869764,724
Spain,ESP,2018,19900810,724
Spain,ESP,2019,20727732,724
Spain,ESP,2020,7315301,724
Spain,ESP,2021,9969655,724
Spain,ESP,2022,17670416,724
Spain,ESP,2023,19725742,724
Spain,ESP,2024,22142820,724
Sri Lanka,LKA,2013,1163199,144
Sri Lanka,LKA,2014,1267645,144
Sri Lanka,LKA,2015,1369011,144
Sri Lanka,LKA,2016,1444113,144
Sri Lanka,LKA,2017,1476627,144
Sri Lanka,LKA,2018,1614051,144
Sudan,SDN,2013,351716,729
Sudan,SDN,2014,299066,729
Sudan,SDN,2015,348680,729
Sudan,SDN,2016,394853,729
Sudan,SDN,2017,443614,729
Sudan,SDN,2018,420153,729
Sudan,SDN,2019,210002,729
Sweden,SWE,2013,2318426,752
Sweden,SWE,2014,2461202,752
Sweden,SWE,2015,2577660,752
Sweden,SWE,2016,2877674,752
Sweden,SWE,2017,3098639,752
Sweden,SWE,2018,3178204,752
Sweden,SWE,2019,3091396,752
Sweden,SWE,2020,1021855,752
Sweden,SWE,2021,1160232,752
Sweden,SWE,2022,2171156,752
Sweden,SWE,2023,2292905,752
Sweden,SWE,2024,2225782,752
Switzerland,CHE,2013,4834855,756
Switzerland,CHE,2014,4957020,756
Switzerland,CHE,2015,5170261,756
Switzerland,CHE,2016,5490476,756
Switzerland,CHE,2017,5611548,756
Switzerland,CHE,2018,5833938,756
Switzerland,CHE,2019,5628150,756
Switzerland,CHE,2020,2173377,756
Switzerland,CHE,2021,2461605,756
Switzerland,CHE,2022,4186597,756
Switzerland,CHE,2023,4941912,756
Switzerland,CHE,2024,5334926,756
Syria,SYR,2013,50008,760
Syria,SYR,2014,6851,760
Syria,SYR,2015,6204,760
Syria,SYR,2016,48173,760
Syria,SYR,2017,58765,760
Syria,SYR,2018,51788,760
Taiwan,TWN,2013,5075517,158
Taiwan,TWN,2014,5588862,158
Taiwan,TWN,2015,6126778,158
Taiwan,TWN,2016,6876311,158
Taiwan,TWN,2017,7264923,158
Taiwan,TWN,2018,7588032,158
Tajikistan,TJK,2013,215344,762
Tajikistan,TJK,2014,271957,762
Tajikistan,TJK,2015,266351,762
Tajikistan,TJK,2016,235829,762
Tajikistan,TJK,2017,234777,762
Tajikistan,TJK,2018,227033,762
Tajikistan,TJK,2019,210003,762
Tajikistan,TJK,2022,286328,762
Tajikistan,TJK,2023,330536,762
Tajikistan,TJK,2024,272497,762
Tanzania,TZA,2013,421416,834
Tanzania,TZA,2014,414393,834
Tanzania,TZA,2015,511783,834
Tanzania,TZA,2016,520978,834
Tanzania,TZA,2017,531905,834
Tanzania,TZA,2018,587136,834
Tanzania,TZA,2019,421790,834
Tanzania,TZA,2020,216340,834
Tanzania,TZA,2021,314303,834
Tanzania,TZA,2022,374669,834
Tanzania,TZA,2023,431178,834
Tanzania,TZA,2024,509661,834
Thailand,THA,2013,11473866,764
Thailand,THA,2014,11821322,764
Thailand,THA,2015,13119088,764
Thailand,THA,2016,14094117,764
Thailand,THA,2017,14739546,764
Thailand,THA,2018,15812476,764
Thailand,THA,2019,15460242,764
Thailand,THA,2020,5667788,764
Thailand,THA,2021,3193701,764
Thailand,THA,2022,6585689,764
Thailand,THA,2023,10316705,764
Thailand,THA,2024,12344928,764
Togo,TGO,2024,191484,768
Tonga,TON,2015,18634,776
Tonga,TON,2016,21124,776
Tonga,TON,2017,23533,776
Tonga,TON,2018,22884,776
Trinidad and Tobago,TTO,2013,258903,780
Trinidad and Tobago,TTO,2014,280529,780
Trinidad and Tobago,TTO,2015,293832,780
Trinidad and Tobago,TTO,2016,260763,780
Trinidad and Tobago,TTO,2017,251355,780
Trinidad and Tobago,TTO,2018,235589,780
Trinidad and Tobago,TTO,2019,256627,780
Trinidad and Tobago,TTO,2020,72616,780
Trinidad and Tobago,TTO,2021,55421,780
Trinidad and Tobago,TTO,2022,152277,780
Trinidad and Tobago,TTO,2023,190360,780
Trinidad and Tobago,TTO,2024,213669,780
Tunisia,TUN,2013,731845,788
Tunisia,TUN,2014,667704,788
Tunisia,TUN,2015,596332,788
Tunisia,TUN,2016,512840,788
Tunisia,TUN,2017,606405,788
Tunisia,TUN,2018,759112,788
Tunisia,TUN,2019,789987,788
Tunisia,TUN,2020,259893,788
Tunisia,TUN,2021,356021,788
Tunisia,TUN,2022,616979,788
Tunisia,TUN,2023,767578,788
Tunisia,TUN,2024,821368,788
Turkey,TUR,2013,9225536,792
Turkey,TUR,2014,10590443,792
Turkey,TUR,2015,12196179,792
Turkey,TUR,2016,12590010,792
Turkey,TUR,2017,12702018,792
Turkey,TUR,2018,13872495,792
Turkey,TUR,2019,14960453,792
Turkey,TUR,2020,6072696,792
Turkey,TUR,2021,10011375,792
Turkey,TUR,2022,14533798,792
Turkey,TUR,2023,16566790,792
Turkey,TUR,2024,17355166,792
Turkmenistan,TKM,2015,200264,795
Turkmenistan,TKM,2016,251383,795
Turkmenistan,TKM,2017,231180,795
Turkmenistan,TKM,2018,258754,795
Turkmenistan,TKM,2019,171464,795
Turkmenistan,TKM,2021,32054,795
Turkmenistan,TKM,2023,84685,795
Turkmenistan,TKM,2024,159538,795
Uganda,UGA,2013,238819,800
Uganda,UGA,2014,243411,800
Uganda,UGA,2015,232252,800
Uganda,UGA,2016,207523,800
Uganda,UGA,2017,217482,800
Uganda,UGA,2018,265739,800
Ukraine,UKR,2013,975205,804
Ukraine,UKR,2014,922962,804
Ukraine,UKR,2015,959866,804
Ukraine,UKR,2016,1100423,804
Ukraine,UKR,2017,1312442,804
Ukraine,UKR,2018,1501825,804
Ukraine,UKR,2019,1327553,804
Ukraine,UKR,2020,572058,804
Ukraine,UKR,2021,1008220,804
United Arab Emirates,ARE,2013,20421772,784
United Arab Emirates,ARE,2014,22620268,784
United Arab Emirates,ARE,2015,25691524,784
United Arab Emirates,ARE,2016,27708126,784
United Arab Emirates,ARE,2017,28220684,784
United Arab Emirates,ARE,2018,27909522,784
United Arab Emirates,ARE,2019,25920724,784
United Arab Emirates,ARE,2020,10470746,784
United Arab Emirates,ARE,2021,11788998,784
United Arab Emirates,ARE,2022,17977414,784
United Arab Emirates,ARE,2023,23010930,784
United Arab Emirates,ARE,2024,25587126,784
United Kingdom,GBR,2013,30462500,826
United Kingdom,GBR,2014,31106040,826
United Kingdom,GBR,2015,32135974,826
United Kingdom,GBR,2016,33818264,826
United Kingdom,GBR,2017,34883420,826
United Kingdom,GBR,2018,35548130,826
United Kingdom,GBR,2019,35670824,826
United Kingdom,GBR,2020,13557939,826
United Kingdom,GBR,2021,11900114,826
United Kingdom,GBR,2022,25363986,826
United Kingdom,GBR,2023,31221556,826
United Kingdom,GBR,2024,33317548,826
United States,USA,2013,155853250,840
United States,USA,2014,159522130,840
United States,USA,2015,166228670,840
United States,USA,2016,173278140,840
United States,USA,2017,178136000,840
United States,USA,2018,184357500,840
United States,USA,2019,201470910,840
United States,USA,2020,111390420,840
United States,USA,2021,146616060,840
United States,USA,2022,173506560,840
United States,USA,2023,189982100,840
United States,USA,2024,200178060,840
Uruguay,URY,2013,205894,858
Uruguay,URY,2014,230025,858
Uruguay,URY,2015,277457,858
Uruguay,URY,2016,290308,858
Uruguay,URY,2017,303531,858
Uruguay,URY,2018,319470,858
Uruguay,URY,2021,139664,858
Uruguay,URY,2022,225067,858
Uruguay,URY,2023,284355,858
Uruguay,URY,2024,305451,858
Uzbekistan,UZB,2013,582521,860
Uzbekistan,UZB,2014,579145,860
Uzbekistan,UZB,2015,537210,860
Uzbekistan,UZB,2016,503151,860
Uzbekistan,UZB,2017,515261,860
Uzbekistan,UZB,2018,633487,860
Uzbekistan,UZB,2019,796710,860
Uzbekistan,UZB,2021,538789,860
Uzbekistan,UZB,2022,838112,860
Uzbekistan,UZB,2023,1053195,860
Vanuatu,VUT,2013,36137,548
Vanuatu,VUT,2014,34691,548
Vanuatu,VUT,2015,31914,548
Vanuatu,VUT,2016,29088,548
Vanuatu,VUT,2017,32240,548
Vanuatu,VUT,2018,36612,548
Vanuatu,VUT,2021,5176,548
Venezuela,VEN,2013,1342977,862
Venezuela,VEN,2014,1204867,862
Venezuela,VEN,2015,1024980,862
Venezuela,VEN,2016,954780,862
Venezuela,VEN,2017,672260,862
Venezuela,VEN,2018,494548,862
Venezuela,VEN,2019,313792,862
Venezuela,VEN,2020,74464,862
Venezuela,VEN,2021,105592,862
Venezuela,VEN,2022,201960,862
Venezuela,VEN,2023,288827,862
Vietnam,VNM,2013,3247947,704
Vietnam,VNM,2014,3710574,704
Vietnam,VNM,2015,4191645,704
Vietnam,VNM,2016,5184140,704
Vietnam,VNM,2017,5836952,704
Vietnam,VNM,2018,6433657,704
Vietnam,VNM,2019,7632219,704
Vietnam,VNM,2020,4146376,704
Vietnam,VNM,2021,2698197,704
Vietnam,VNM,2022,5716238,704
Vietnam,VNM,2023,7162103,704
Yemen,YEM,2013,215494,887
Yemen,YEM,2014,221647,887
Yemen,YEM,2015,138970,887
Yemen,YEM,2016,72347,887
Yemen,YEM,2017,13134,887
Yemen,YEM,2018,2929,887
Zambia,ZMB,2013,221085,894
Zambia,ZMB,2014,187927,894
Zambia,ZMB,2015,176171,894
Zambia,ZMB,2016,188219,894
Zambia,ZMB,2017,191646,894
Zambia,ZMB,2018,196926,894
Zimbabwe,ZWE,2013,126189,716
Zimbabwe,ZWE,2014,113539,716
Zimbabwe,ZWE,2015,125337,716
Zimbabwe,ZWE,2016,129381,716
Zimbabwe,ZWE,2017,138086,716
Zimbabwe,ZWE,2018,159788,716
